"conversation_id_str","created_at","favorite_count","full_text","id_str","image_url","in_reply_to_screen_name","lang","location","quote_count","reply_count","retweet_count","tweet_url","user_id_str","username"
"2018109184357671315","2026-02-01T23:58:09.000Z","116","@ProfDemirtas Ara ara böyle herkese açık değerlendirmelerinizi paylaşın hocam. Özellikle Youtube da yaptığınız  ekonomi videoları çok iyiydi. Keşke haftasonundan haftasonuna yada aydan aya Youtube kanalınızda genel piyasaları değerlendirdiğiniz videolar paylaşsanız.","2018111662989984101","","ProfDemirtas","tr","","0","3","0","https://x.com/Furkan_KK9/status/2018111662989984101","1407156102081437698","Furkan_KK9"
"2018110898615861293","2026-02-01T23:55:07.000Z","35","KUDÜS'te bir OSMANLI SUBAYI.

YAHUDİ olabilir mi? (Sakala dikkat!)

Sene: 1898

(Osmanlı ekonomisi batıktı diyorlar. Ben aksini savunuyorum. Subayın kıyafeti gıcır gıcır. Batık ülke kıyafeti değil. ABDÜLHAMİT döneminde ekonomi düzelmişti. Tamam, SANAYİ ülkesi değildik. Ama batık https://t.co/t4CmyaNXTc","2018110898615861293","https://pbs.twimg.com/media/HAHE1GJXIAAQ0Lt.png","","tr","","1","5","5","https://x.com/ArielBurakKapln/status/2018110898615861293","705151543809601536","ArielBurakKapln"
"2018110875190931855","2026-02-01T23:55:01.000Z","0","Diplomasi Ekonomi Indonesia: 
Strategi Memperluas Peluang di Pasar Global https://t.co/nW0Q70Bvui","2018110875190931855","https://pbs.twimg.com/media/HAHE2koaMAA0CUm.jpg","","in","","1","1","0","https://x.com/txtangkringan/status/2018110875190931855","1489658156989190144","txtangkringan"
"2017934223517397127","2026-02-01T23:54:20.000Z","5","@neohistoria_id Masalahnya, yg masih pilih si dongo itu, orang2 yg ga punya akses kesitu..
Alias orang yg emang ekonomi rendah, diikutin pendidikan rendah..
Dan itu banyak.. 😩","2018110701118828976","","neohistoria_id","in","","0","0","0","https://x.com/Venddettaaa/status/2018110701118828976","1875527774498385921","Venddettaaa"
"2018110578015780968","2026-02-01T23:53:51.000Z","6","Lenin almanya, hollanda vs. başarsız olunca sscb’nin çözüleceğini öngörüyor ve Politikasını ömür uzatıcı halde tutuo kral ya. Biz anarşist değiliz, tek ülkenin otonom bölge gibi sosyalizmi şahlandıracağını düşünmüyoruz, bu ekonomi bildiği için marxistlerin kabul ettiği bir şey.","2018110578015780968","","","tr","","0","1","0","https://x.com/cufcuf_v/status/2018110578015780968","1322502776375660544","cufcuf_v"
"2018077934922186813","2026-02-01T23:51:04.000Z","21","@tanyakanrl jangan mau, ibumu ajak ngobrol yang agak keras dikit kalo perlu, jgn buta soal profesi yg ustadz itu, feeling mu tuh udah bener, lagian kalo soal ekonomi aja gak mampu kok pd banget mau nikahin orang.","2018109878376833265","","tanyakanrl","in","","0","0","0","https://x.com/dvvitapr_/status/2018109878376833265","1438440838166507523","dvvitapr_"
"2018109745086017670","2026-02-01T23:50:32.000Z","2","Di bawah komando Presiden Prabowo, pemulihan pascabencana di Sumatera menjadi prioritas utama negara. Anggaran khusus telah dialokasikan mulai dari bantuan darurat hingga rehabilitasi infrastruktur agar ekonomi masyarakat segera berputar kembali.  Aceh Sumatra Pulih! https://t.co/wiAord0Mct","2018109745086017670","https://pbs.twimg.com/ext_tw_video_thumb/2018109701389684736/pu/img/t8e2KXDrDRGkBvyG.jpg","","in","","1","0","0","https://x.com/Alisha936239239/status/2018109745086017670","1792178478084661248","Alisha936239239"
"2018102023309427199","2026-02-01T23:48:17.000Z","6","@henrysubiakto Penyalahgunaan UU ITE saat ini dinilai telah melenceng jauh dari tujuan asalnya, yakni perlindungan ekonomi digital, menjadi alat politik untuk membungkam opini dan kritik. Aparat hukum cenderung menerapkan pasal-pasal berat secara kaku dan tekstual guna melayani kepentingan elit","2018109180213874839","","henrysubiakto","in","","0","1","2","https://x.com/anneserlo/status/2018109180213874839","1719885887662874624","anneserlo"
"2017883666874044494","2026-02-01T23:44:36.000Z","23","@borsacibaba Bu zengin görünümlü kadın ve erkekler sürekli ekonomi döner baklava simit kahve muhabbeti yaparak neyin peşindeler, yahu takip etmeyin etmeyin para kazandırmayın şunlara","2018108252764934455","","AyhanDadaloglu","tr","","0","2","0","https://x.com/spa_uzman_3496/status/2018108252764934455","1650139527539830785","spa_uzman_3496"
"2018105877157605740","2026-02-01T23:35:10.000Z","4","Anak putus sekolah , faktor utama adalah karena Ketidakmampuan Finansial (himpitan ekonomi), sehingga keluarga tidak mampu membayar biaya sekolah, seragam, buku, dan transportasi.
Akibatnya anak terpaksa berhenti sekolah untuk membantu mencari nafkah atau membantu ortu bekerja.","2018105877157605740","","","in","","0","1","1","https://x.com/WongAlasRoban/status/2018105877157605740","1220019150585643009","WongAlasRoban"
"2018105618218025040","2026-02-01T23:34:08.000Z","1","Ekonomi Syariah di Indonesia: Besar di Wacana, Kecil di Dampak https://t.co/xrr6Mg96ZJ","2018105618218025040","","","in","","0","0","1","https://x.com/cnbcindonesia/status/2018105618218025040","847372542830444544","cnbcindonesia"
"2017864450276266237","2026-02-01T23:25:54.000Z","2","@SeputarTetangga ekonomi melemah, kriminalitas meningkat.

pasti gituh.","2018103545850101972","","SeputarTetangga","in","","0","0","0","https://x.com/AldhitamaR/status/2018103545850101972","1682765791161384960","AldhitamaR"
"2017967125353181381","2026-02-01T23:25:52.000Z","5","@_Kuscubasi Bu cok bilinen bir sey ki. Ekonomi/Isletme birinci sinif ogrencisi bilir bunu. Banka krizlerinin onune gecmek icin zaten CET1 ratio, RWA gibi gostergeler takip ediliyor","2018103537889067028","","_Kuscubasi","tr","","0","1","0","https://x.com/ulysesgaze/status/2018103537889067028","54368428","ulysesgaze"
"2017972941733204348","2026-02-01T23:24:01.000Z","148","@prkdlx Allah juga menyiapkan syariat, lengkap! Termasuk ttg sistem kehidupan, dr politik, ekonomi, sosial hingga sanksi (hudud, jinayat, mukhalafat, ta'zir). Sayang, yg memperjuangkannya dianggap radikal! Padahal sudah dicontohkan Rasul &amp; para khalifah!","2018103070522273939","","prkdlx","in","","0","1","10","https://x.com/Firados1/status/2018103070522273939","1530911477485359104","Firados1"
"2018102253341569311","2026-02-01T23:20:46.000Z","6","İşte Recep Tayyip ERDOĞAN beye ve davasına inanan, bir kardeşimiz @NilKa_ birde sözde reisci diye geçinen , sadece , ekonomi, ve şahsi ikbali düşünen profil farkı 
Teşekkürler Nil kardeşim Varol","2018102253341569311","","","tr","","0","1","2","https://x.com/YAMTAR_666_/status/2018102253341569311","1410609272212254722","YAMTAR_666_"
"2018102035577528356","2026-02-01T23:19:54.000Z","237","https://t.co/lyOuf5sAlX","2018102035577528356","","","zxx","","2","4","35","https://x.com/Druars/status/2018102035577528356","2978493291","Druars"
"2018102023309427199","2026-02-01T23:19:51.000Z","153","BUKTI TELAK KESALAHAN POLISI

Negeri ini sebagian besar orangnya malas sekali belajar. Mereka lebih suka percaya pada persepsinya yg dibentuk oleh penggalan penggalan informasi dari media. Sudah begitu penegak hukumnya sama saja, menahami pasal pasal UU hanya dari bunyi teks. https://t.co/2qpZciAem1","2018102023309427199","https://pbs.twimg.com/amplify_video_thumb/2018100261517242368/img/rk_SiNMf4eKSWccS.jpg","","in","","4","25","85","https://x.com/henrysubiakto/status/2018102023309427199","201554665","henrysubiakto"
"2017973038407442918","2026-02-01T23:18:10.000Z","3","@H0URSLOST yemin ederim 20 li yaş problemleri ülke gündemi ekonomi doğduğum dönemi skm","2018101600754053389","","H0URSLOST","tr","","0","0","0","https://x.com/ssudde0/status/2018101600754053389","1132650981135724544","ssudde0"
"2018101506692542853","2026-02-01T23:17:48.000Z","7","Migros işçisinin haykırışı #Migros #pazartesi #ekonomi https://t.co/6KtCqP6LXS","2018101506692542853","https://pbs.twimg.com/ext_tw_video_thumb/2018101443010449408/pu/img/Oon5FDPdEaLGIe-j.jpg","","tr","","0","0","0","https://x.com/siyar0025/status/2018101506692542853","2163494930","siyar0025"
"2018099867072241970","2026-02-01T23:11:17.000Z","0","Kenaikan harga pangan menjelang Ramadan kembali menjadi fenomena tahunan yang berulang. Sejumlah komoditas seperti beras, telur ayam, minyak goreng, cabai, dan bawang tercatat mengalami tekanan harga bahkan… https://t.co/NhWwnZZZCL #Bisnis #Ekonomi #epaper #Finansial #Bursa https://t.co/IuRslDkSiC","2018099867072241970","https://pbs.twimg.com/ext_tw_video_thumb/2018099441593704448/pu/img/pdiQOL9wSL-Ui2ma.jpg","","in","","0","0","0","https://x.com/Bisniscom/status/2018099867072241970","118646322","Bisniscom"
"2018097408605818915","2026-02-01T23:01:31.000Z","3","📢 Anlık Altın ve Gümüş Fiyatları 🇹🇷

🏆 Gram Altın: 6.829,42 TL
🔸 Çeyrek Altın: 11.920,55 TL
🌍 Ons Altın: $4.884,00
🥈 Gram Gümüş: 119,18 TL

📅 02.02.2026 02:01
#altın #gümüş #gramaltın #çeyrek #ekonomi","2018097408605818915","","","tr","","0","0","0","https://x.com/AltinRadarii/status/2018097408605818915","1993380166220070912","AltinRadarii"
"2017945827759517739","2026-02-01T23:01:25.000Z","2","@lurima_pi Terimakasih atas keberhasilan pembukaan toko produk komunitas di Provinsi Pattani menandai tonggak sejarah dalam memperkuat ekosistem ekonomi komunitas. Terus Bersatu, Bekerja sama untuk visi bersama yang kuat.. 👍🏻🌟💪🏻🌟🚀🚀🚀🚀🚀

Jenderal Else 🇮🇩","2018097384535072938","","lurima_pi","in","","0","0","0","https://x.com/YazidAlaydrus/status/2018097384535072938","1898623837241249792","YazidAlaydrus"
"2017826173741679003","2026-02-01T23:00:41.000Z","0","@Soegijo_ Kalo keadaan ekonomi negara masih kayak gini kayaknya bakal terus mengalami penurunan","2018097198932861165","","Soegijo_","in","","0","1","0","https://x.com/taqibalqibul/status/2018097198932861165","1084942119607783424","taqibalqibul"
"2017924890033062024","2026-02-01T22:59:11.000Z","3","@mustafademir İzmir’in çamurunu bırakın Mustafa Bey. Türkiye’nin hali içler acısı. Ekonomi berbat. Altın rekor artış yaşıyor,evler ve kiralar ateş pahası,Emekliler açlığa mahkum edildi.Esnaf,çiftçi,kan ağlıyor,gençler umutsuz. Mutlu olan sadece yandaşlar. Bunlara çözüm bulmanız gerekmiyor mu?","2018096821164212559","","mustafademir","tr","","0","0","0","https://x.com/Irmak190735/status/2018096821164212559","1793043544636051456","Irmak190735"
"2018022672987206096","2026-02-01T22:52:19.000Z","2","@Albayim1001 Ekonomi diplomasını göstersin kendimi yakarım. Gösteremezse o ne yapacak?!","2018095095715598704","","albayimm001","tr","","0","0","0","https://x.com/sadanuzunoglu/status/2018095095715598704","2768306993","sadanuzunoglu"
"2018093942529749287","2026-02-01T22:47:44.000Z","335","Dari IG zainoelariefin...

Di saat ekonomi Indonesia lagi megap-megap, biaya hidup naik, pendapatan stagnan, dan perputaran ekonomi seret... justru di moment seperti ini dana Rp. 17 triliun dipakai untuk membantu agenda Amerika dan Israhell...

Indonesia dengan bangga ikut https://t.co/uT0PZzDrPd","2018093942529749287","https://pbs.twimg.com/ext_tw_video_thumb/2018093514677194752/pu/img/Lzt3M0XTw_Yk16fg.jpg","","in","","4","18","191","https://x.com/ferizandra/status/2018093942529749287","80559922","ferizandra"
"2018042164497056209","2026-02-01T22:43:09.000Z","6","@haciykk Aynı zamanda susuz şehirler,toplanmayan çöpler,bataklık haldeki Haliç,iğrenç hastaneler,bozuk yollar,rüşvet,mafya,gecekondu,torpil,askeri vesayet,bürokratik oligarşi, inançlara baskı,kötü ekonomi,yoksulluk...Bir çırpıda akla gelen.","2018092789062373637","","haciykk","tr","","0","0","1","https://x.com/7manas7/status/2018092789062373637","467799570","7manas7"
"2017960385144385679","2026-02-01T22:34:22.000Z","2","@aynennhesyracim Sırf ekonomi için küsüyorsan barismana gerek yok kardeşim aç yatılır fakat imansız vatansız yatilmaz","2018090575883366641","","aynennhesyracim","tr","","0","0","0","https://x.com/KusuTasavv47905/status/2018090575883366641","1824433942252097541","KusuTasavv47905"
"2017960385144385679","2026-02-01T22:33:09.000Z","15","@aynennhesyracim TSKyı israillilerden temizledi, darbeyi püskürttü ve suriyeye girdi AMA HAYİR EKONOMİ ÇOK KÖTÜ DOLAR ÇOK YÜKSEK SÜT 50 LİRA diyip mi küsmüştün","2018090270714163703","","aynennhesyracim","tr","","0","0","0","https://x.com/zeytindaliyim/status/2018090270714163703","936982746731286528","zeytindaliyim"
"2018089446013362560","2026-02-01T22:29:52.000Z","2","Epstein 2016’da Macron ekonomi bakanıyken iş yapıyormuş. 2018de ise Macron Epstein’den PR desteği istemiş.

Macron’un seçimi ilk kazandığı dönem, zafer konuşmasında yaptığı işareti verdiği pozu hatırlayanlar şaşırmayacaktır.","2018089446013362560","","","tr","","0","0","0","https://x.com/denizcyo/status/2018089446013362560","1001203848625709058","denizcyo"
"2018089190123036723","2026-02-01T22:28:51.000Z","1","🌍 DÜNYA GÜNDEMİNDE BUGÜN | 2 ŞUBAT 2026
Yeni haftaya başlarken dünyada öne çıkan başlıklar:
🇧🇬 Komşuda Yeni Dönem: Bulgaristan'da geçiş süreci tamamlandı, bugünden itibaren resmi para birimi tamamen Euro oldu.
🕊️ Diplomasi Trafiği: Gazze'de kalıcı ateşkes için uluslararası","2018089190123036723","","","tr","","0","0","0","https://x.com/KadranMedya/status/2018089190123036723","222988917","KadranMedya"
"2017849884507050161","2026-02-01T22:27:32.000Z","3","@hakauenaq @lilaccountz Penjahat kelamin yang ekonomi kurang ketangkep auto penjara.

Penjahat kelamin tajir yang uangnya bisa buat nampar muka, auto gak diapa-apain.","2018088859071074324","","hakauenaq","in","","0","0","0","https://x.com/TanahUmbiJalar/status/2018088859071074324","1181159180368900096","TanahUmbiJalar"
"2018087192925700501","2026-02-01T22:20:56.000Z","2","İşçiye verilen ücretin artması tüketiciye zarar vermez zira işçi de bir tüketicidir 5, ekonomi her zaman 0 toplamlı bir oyun gibi algılanmamalıdır 6, Liberal bir aptal olsanız da güçlü ve zayıf arasında hakem rolünde olanın yani kamuoyu/devlet tarafının işçinin yanında olmasını +","2018087197531164946","","ComertYasir","tr","","0","1","0","https://x.com/ComertYasir/status/2018087197531164946","1242377419195068416","ComertYasir"
"2018086611821727876","2026-02-01T22:18:37.000Z","6","Kanada ya geldim sorun Türkiyeyle aynı sorum . Arkadaş dünyada global bir sorun var. Bunun da en büyük sebebi de kadınlar. Çalışan kadınlar iyice erkekleştiler. Testestoronları arttı. Erkekler de kadınlaştılar aman canım cicim derken östrojen salgılamaya başladılar. Fıtrat","2018086611821727876","","","tr","","0","2","0","https://x.com/mmatthew_kaya/status/2018086611821727876","1396904640109817856","mmatthew_kaya"
"2018044683000168588","2026-02-01T22:18:33.000Z","30","@Sude2235 @daktilock ekonomi ve enflasyon aşıdan daha fazla sarar veriyor farkında değilsiniz","2018086595920842870","","","tr","","0","0","0","https://x.com/CRYPTOBEYONDER1/status/2018086595920842870","1786016385241411585","CRYPTOBEYONDER1"
"2018086569530556567","2026-02-01T22:18:27.000Z","17","Udah hari Senin. Maka fb-fban saya pause dulu. Selamat bekerja teman-teman. Semoga bisa dapat rezeki yang melimpah ruah di tengah ekonomi yang tidak menentu ini.

Jika udah saling follow, jangan cuma stop sampai situ. Bikin konten karena selain follower ada impression dan","2018086569530556567","","","in","","0","4","0","https://x.com/lynxluna/status/2018086569530556567","69194832","lynxluna"
"2018085996944920630","2026-02-01T22:16:10.000Z","4","Trump’ın Ekonomi Başdanışmanı Hassett: 

🛑 Dünya düzenine yeni bir düzen veriyoruz. 

🛑 Bu, herkes için iyi olacak... https://t.co/VCwtv5m95Y","2018085996944920630","https://pbs.twimg.com/ext_tw_video_thumb/2018085979500773376/pu/img/guRcxds3p58_avJD.jpg","","tr","","0","0","3","https://x.com/Taha_Sivas_5858/status/2018085996944920630","1392427323799056385","Taha_Sivas_5858"
"2018070859303223762","2026-02-01T22:11:43.000Z","15","@yavuzyilmazd Önceden zarar eden kamu kurumlarını satıyoruz diyorlardı!
Bunlar kar edenleri kime satacaklar, yandaş şirketlere mi?
Bak o zaman hep birlikte çok kazanırlar !
Kaybeden yine devlet ve millet olur…🇹🇷
Devlet ile hükümeti karıştırmayalım.
Lütfen!
#Türkiye
#Atatürk
#EKONOMİ","2018084878282047869","","yavuzyilmazd","tr","","0","1","6","https://x.com/mufideBgzlyn/status/2018084878282047869","1096802804189089793","mufideBgzlyn"
"2018084435812331577","2026-02-01T22:09:58.000Z","114","Bu videoyu izleyiniz!

Yıllarca programlar düzenledi, kitabını yazdı, Türk milletine anlatarak ömrünü geçirdi.

Bugün, Türkiye genelinde BTP teşkilatının her gün gerçekleştirdiği saha çalışmalarında; emekliler, asgari ücretliler, esnaflar, çiftçiler ve vatandaşlarımız kesinlikle https://t.co/i8VO3sdOBU","2018084435812331577","https://pbs.twimg.com/ext_tw_video_thumb/2018084383639412736/pu/img/nSdL83Xw2vbBxCZO.jpg","","tr","","1","3","55","https://x.com/bilalsahin34/status/2018084435812331577","3040423337","bilalsahin34"
"2018010417918775508","2026-02-01T22:09:46.000Z","5","@anonimuhabir Niye barmıyoruz diye söylüyor ve sonrasında da biz dua alıyoruz o yüzden batmıyoruz diye cevap veriyor.Ekonomi işi artık dua ile oluyor.
Bu cevabı hangi kişi veya firma veriyor ise %95 işin içinde hile vardır.
Ekonomi matematik işidir soyut kavramlar ile ekonomi yürütülmez.","2018084388001435930","","anonimuhabir","tr","","0","0","0","https://x.com/SlhttnFdl/status/2018084388001435930","262760784","SlhttnFdl"
"2017955570817614147","2026-02-01T22:09:39.000Z","3","@hazmi_ash @VeritasArdentur pantes aja, mungkin karena ilmu ekonomi FEB UGM dibekali mata kuliah logika matematika ya. mereka berani panggil dosen dari departmeen matematika FMIPA UGM buat ngajar logika matematika di sana. kalo UI saya kurang tahu, tapi kalo ternyata sama ya bagus","2018084358595432941","","hazmi_ash","in","","0","1","0","https://x.com/muamarmusa/status/2018084358595432941","144380031","muamarmusa"
"2018011543149936758","2026-02-01T22:05:30.000Z","52","@dibaceatak Aynen ben biliyorum...

Zira 2019'dan bu yana tüm ekonomi itirazlarım tuttu...","2018083313789895094","","dibaceatak","tr","","0","5","3","https://x.com/VolkanOkcuoglu/status/2018083313789895094","1649121438501158912","VolkanOkcuoglu"
"2018081982664544717","2026-02-01T22:00:13.000Z","251","""Rızkı verenin Allah olduğunu unutmuyoruz, amenna... Fakat o rızkı çekip alacak, kibre düşeni rezil rüsva edecek olanın da yine Allah olduğunu asla akıldan çıkarmamak gerek.

Hayırlı geceler cümleten. 

#borsa #hisse #ekonomi","2018081982664544717","","","tr","","0","14","16","https://x.com/Kenankahramn01/status/2018081982664544717","90270626","Kenankahramn01"
"2018079455873212529","2026-02-01T21:58:53.000Z","2","@elonmusk ""19 Mart 2019'da Berat Albayrak Trabzon'da kürsüde veryansın ediyordu: 'Ağustos, eylül, ekimde bol bol döviz alıp 6-7 liradan niye ? Dolar 10 lira olacak, 15 lira olacak ya… Toplayalım dolarları, 10-15'ten satarız. Çok beklersiniz, hele seçimden sonra daha çok beklersiniz!' https://t.co/w81hdCjte3","2018081646214328324","https://pbs.twimg.com/amplify_video_thumb/2018081521349820416/img/FefnGE7vp5UuCTNf.jpg","elonmusk","tr","","0","0","1","https://x.com/AdemcanErdal06/status/2018081646214328324","1699470786476539904","AdemcanErdal06"
"2018071106112876945","2026-02-01T21:53:14.000Z","2","@Mihrezelyab Ne alâka? Reis beni ata yoksa oy vermem dememiş. Halkın düzgün bir ekonomi talebi olması menfaatçilik değil","2018080225859412264","","Mihrezelyab","tr","","0","0","0","https://x.com/furkanyek/status/2018080225859412264","1424833491120893953","furkanyek"
"2018079665974399357","2026-02-01T21:51:01.000Z","13","« Pa gen amour de ma vie vre se pwogram Biden ak TPS la ki koz tout têt kana vinn monte tab,se pou sa medam ki manke aparans yo fè ekonomi pou gason awousa visye sa yo pa al okupe lòt fanm sou mizè nèj n’ap pwan an. »#epounouvinnbatmwen😡","2018079665974399357","","","ht","","0","0","0","https://x.com/laurentwesly3/status/2018079665974399357","1248223451128758272","laurentwesly3"
"2018014072625623281","2026-02-01T21:50:40.000Z","1","@petrolandeco Çin'in dış ticaret açığı verecek ekonomi modeli uygulaması intihar olur. 1,5 milyar nüfus salt rezerv paranın gücüyle üretimden uzak meşgul edilip, oyalanıp kontrol edilemez. 

Çin içinde devasa gelir dağılımı bozukluğu oluşturur. Ülkenin en az üçe bölünme sürecini başlatır.","2018079577730375785","","petrolandeco","tr","","0","0","0","https://x.com/Nyagyakmaz/status/2018079577730375785","1820811716000706560","Nyagyakmaz"
"2018078687845892584","2026-02-01T21:47:07.000Z","357","Epstein dosyalarındaki aşağılık işlerle ""12 kişinin servetinin 4 milyar insana eşit olması"" tamamen birbiriyle ilintili. Çocuk ağır kurmuş bu kadar sapığın milyarlarca insanın hayatına karar verebiliyor olması bu düzenin ne kadar leş zemini olduğunu ifşa ediyor. Zihinlerde","2018078687845892584","","","tr","","1","0","77","https://x.com/selahattnaydiin/status/2018078687845892584","769841888413245440","selahattnaydiin"
"2017767138044579861","2026-02-01T21:45:18.000Z","2","@99propaganda Kalau melihat sepak terjang rezim @prabowo saat ini dibidang sosial politik &amp; ekonomi yg menerjang aturan pengelolaan pemerintahan yg baik,apa dilakukannya hanya untuk menutupi kegagalannya mensejahterakan dan rasa aman hidup rakyat 
Jgn terpesona &amp; waspadalah tipuan pemerintah","2018078230360756269","","99propaganda","in","","0","0","1","https://x.com/eddiewahjudiono/status/2018078230360756269","1650343248504963074","eddiewahjudiono"
"2018070664213615004","2026-02-01T21:44:15.000Z","9","@totemcihaluk Yalan kalmadı
Uzaya gidecektik tutmadı
Ekonomi düzelecekti tutmadı
Adalet öldü
Kamu kurumları çöktü
Ormanlar yakıldı
Madenler talan edildi
Herşeyden önemlisi Türk Milletine
Demediği kalmadı
Millet affeder mi 

Amerika yolcusu kalmasın https://t.co/Bgq1GrQi0S","2018077965171540010","https://pbs.twimg.com/tweet_video_thumb/HAGnNX0WwAAAWWL.jpg","totemcihaluk","tr","","1","0","2","https://x.com/ALAKPINAR182668/status/2018077965171540010","1801248278798880768","ALAKPINAR182668"
"2018012977253826952","2026-02-01T21:42:44.000Z","5","@snnomade marx’a da ekonomi ve matematik bilmiyor demiş böylece. aynı anda biyografi ve tarih açısından da isabetsiz tespit şey etmiş.","2018077581984055389","","rythme3","tr","","0","0","0","https://x.com/yasartaskinkoc/status/2018077581984055389","273426276","yasartaskinkoc"
"2018077527206515036","2026-02-01T21:42:31.000Z","4","📊 Teknik Göstergeler:

RSI: 68.3 → Güçlü, aşırı alım sınırına yakın

MACD: -1.48 → Negatif ama toparlanma eğiliminde olabilir

CCI: 75.5 → Pozitif momentum

Olası Yükseliş: %4.6 ile hedef 156,5 TL

Yön: AL BASKIN

Giriş Durumu: Bekle (yeni pozisyon için teyit beklenmeli)

📈 https://t.co/ixTMTelvHN","2018077527206515036","https://pbs.twimg.com/media/HAGmkzHbcAAJydX.jpg","","tr","","0","1","3","https://x.com/Trend_gozcusu/status/2018077527206515036","1737525507648839680","Trend_gozcusu"
"2018077248654577969","2026-02-01T21:41:24.000Z","47","Epstein iğrençliği üzerinden siyaset yapma çabasında olan cahiller var… Onca çocuk aşağılık sapkınlıkla katledilmiş bizimkiler siyaset peşinde.

Memleketi;

Ekonomi,
Eğitim,
Sağlık,
Güvenlik,
Asayiş,
Gıda,
Sosyal medyalar,
Dizi, Sinema, Sanat, Sanatçı ve Sporcu,
Ahlak ve","2018077248654577969","","","tr","","1","1","9","https://x.com/mustafaadeniz/status/2018077248654577969","2180941471","mustafaadeniz"
"2018076625196187831","2026-02-01T21:38:56.000Z","2","📊 Temel Teknik Göstergeler:

RSI: 77.9 → Aşırı alım bölgesine yakın, güçlü momentum

MACD: 0.31, CCI: 144.0 → Pozitif alım sinyali

Olası Yükseliş: %8.1 ile hedef 255,75 TL

Yön: AL BASKIN

Giriş Durumu: Aktif

📈 Fiyat ve Teknik Seviyeler:

Mevcut Fiyat: 237,5 TL

PDH (önceki https://t.co/6wC9ntrvYs","2018076625196187831","https://pbs.twimg.com/media/HAGl4-gacAAHCgD.jpg","","tr","","0","1","2","https://x.com/Trend_gozcusu/status/2018076625196187831","1737525507648839680","Trend_gozcusu"
"2018076251463057470","2026-02-01T21:37:27.000Z","2","📊 Temel Veriler:

RSI: 64.4 → Yükseliş eğilimi güçlü, aşırı alım sınırına yakın

MACD: 0.03, CCI: 239.6 → Alım baskısı çok yüksek

Olası Yükseliş: %6.0 hedefle 9,66 TL

Yön: AL BASKIN

Giriş Durumu: Bekle (yeni pozisyon için teyit aranmalı)

📈 Fiyat ve Teknik Seviyeler: https://t.co/6WHA2tIZ73","2018076251463057470","https://pbs.twimg.com/media/HAGlo3gbIAAjF9c.jpg","","tr","","0","1","2","https://x.com/Trend_gozcusu/status/2018076251463057470","1737525507648839680","Trend_gozcusu"
"2017755076526542924","2026-02-01T21:35:09.000Z","3","@Bisniscom @prabowo mungkin punya power untuk menggonta ganti pimpinan semua institusi di indonesia sesuai kemauannya, tapi market juga punya power untuk membuat negara ini semakin terpuruk ke dalam krisis ekonomi yg parah. Jadi pilihannya puaskan egomu atau selamatkan negara hai pemimpin?","2018075675517960671","","Bisniscom","in","","0","0","0","https://x.com/boahaya/status/2018075675517960671","48933389","boahaya"
"2018075570517786811","2026-02-01T21:34:44.000Z","49","Altay Abi’nin “çıfıtın küresel imparatorluğu” kavramını görünce aklıma  Merhum Teoman Duralı Hoca’nın “Çağdaş İngiliz-Yahudi Küresel Medeniyeti” kitabı geldi. Kitabı okurken aldığım notları tekrar bir gözden geçirdim de Merhum Teoman Hoca çıkarını ve karını maksimize etmek için","2018075570517786811","","","tr","","0","1","5","https://x.com/yssmuhibbani/status/2018075570517786811","1542282833879769088","yssmuhibbani"
"2018074276000367077","2026-02-01T21:29:36.000Z","8","tak perlu saling menyalahkan, mz.
keputusan melakukan cut loss pada hiburan demi kebthn anak adl langkah cerdas n bijak, yg menunjukkan prioritas tanggung jawab jauh lbh berharga drpd loyalitas pd sebuah platform. 

Pengalihan dana ini,
bukan pengorbanan, tp bentuk adaptasi","2018074276000367077","","","in","","0","1","2","https://x.com/direktoridosen/status/2018074276000367077","1901591046","direktoridosen"
"2018074108123037753","2026-02-01T21:28:56.000Z","14","Artık belli oldu, Şeytan'a inanmayanlar devrimci olamazlar... (Sadece ekonomi-politik'le bir yere kadar...)","2018074108123037753","","","tr","","0","0","3","https://x.com/simurg313/status/2018074108123037753","558024490","simurg313"
"2017960385144385679","2026-02-01T21:23:37.000Z","2","@aynennhesyracim Hiç kafa yok zaten iktidarın temel görevi ekonomi yönetimi ve denetim mekanizmasını saglamaktır ikisini de yapamıyo hala barışalım diyo ekonomiyi de 10 seneye düzeltilecek bişi sanıyor nerden baksan tutarsızlık aq","2018072772723826762","","aynennhesyracim","tr","","0","0","0","https://x.com/_goallex/status/2018072772723826762","3134951493","_goallex"
"2017878675958493343","2026-02-01T20:27:48.000Z","2","@glidefjall Det är ju ett fullständigt sinnesjukt uttalande? Finns ingen som helst evidens för att det ger förbättrad ekonomi för Sverige. Det finns dock överväldigande bevis på motsatsen.","2018058724091334783","","glidefjall","sv","","0","0","0","https://x.com/Whendoesitmtr/status/2018058724091334783","1221395053328982016","Whendoesitmtr"
"2018058291906011515","2026-02-01T20:26:05.000Z","150","Milyonlarca insan sefalet ücretine mahkum edilirken, ekonomi ""büyüyor"" deniliyor. Büyümeden pay alan kim
#Emekliyeihanet https://t.co/uoMDQRm8fu","2018058291906011515","https://pbs.twimg.com/media/HAGVUWPWgAEO6Q_.jpg","","tr","","1","5","59","https://x.com/Rojbeyan44/status/2018058291906011515","1651212996981432321","Rojbeyan44"
"2018058056215461950","2026-02-01T20:25:08.000Z","12","Bütün bunları kendimiz üretiyorduk. Üretim fazlasını da ihraç ediyorduk. Liyakatsiz ve iş bilmez yöneticiler yüzünden bir ara samanı bile ithal eder duruma geldik. Ekonomik bağımsızlığımızı sağlamadan ilerlememiz mümkün değildir. Geçici günlük tedbirlerle ekonomi düzelmez. https://t.co/Uwf1A0F04i","2018058056215461950","https://pbs.twimg.com/media/HAGVGvMWsAAu88H.jpg","","tr","","0","1","2","https://x.com/CeyhanGuntekin/status/2018058056215461950","1836004877643751424","CeyhanGuntekin"
"2018058032408637551","2026-02-01T20:25:03.000Z","1","📅 Konut Kredilerindeki Yeni Düzenlemeler Finansmana Erişimi Kolaylaştıracak.

➠ BDDK’nın konut kredilerine yönelik yeni düzenlemeleriyle kredi değer oranı (LTV) uygulamasında birinci el–ikinci el konut ayrımı kaldırıldı. Böylece ikinci el konutlar da krediye erişimde daha etkin https://t.co/v1NHpqynA4","2018058032408637551","https://pbs.twimg.com/media/HAGVFOdXUAATq25.jpg","","tr","","0","0","0","https://x.com/FonEko/status/2018058032408637551","1951047246855733249","FonEko"
"2018057861046137297","2026-02-01T20:24:22.000Z","9","Ekonomi nereye gidiyor?
https://t.co/SMPPOOUgR2","2018057861046137297","","","tr","","0","0","3","https://x.com/DogduFatih1/status/2018057861046137297","382093181","DogduFatih1"
"2017492967137640837","2026-02-01T20:23:17.000Z","2","@bilalsahin34 Çözüm Milli Ekonomi Modeli
Prof.Dr.Haydar Baş","2018057590773576163","","bilalsahin34","tr","","0","0","0","https://x.com/Zzerriniffet/status/2018057590773576163","1625278570263191554","Zzerriniffet"
"2017492967137640837","2026-02-01T20:22:47.000Z","3","@bilalsahin34 Çare Milli Ekonomi Modeli
Prof.Dr.Haydar Baş","2018057462608187437","","bilalsahin34","tr","","0","0","0","https://x.com/Zzerriniffet/status/2018057462608187437","1625278570263191554","Zzerriniffet"
"2018056827863461978","2026-02-01T20:20:16.000Z","19","🚨Haftanın önemli gelişmeleri 

🇺🇸2 Şubat Pazartesi günü Trump ve Coinbase arasında kripto para tasarısı tartışması gerçekleşecek.

🇹🇷3 Şubat Salı günü saat 10:00’da Türkiye Yıllık Enflasyon Oranı (TÜFE) açıklanacak. 
⏳Beklenti: %30 🔙Önceki: %30.89

✨3 Şubat Salı günü $ONDO,","2018056827863461978","","","tr","","0","6","3","https://x.com/yoyodexnews/status/2018056827863461978","1390014930951225346","yoyodexnews"
"2018056392410607849","2026-02-01T20:18:32.000Z","102","Borçlarını ödeyemeyen vatandaş kendini yaktı.

Saraylarda “ekonomi şahlanıyor”, sokakta insanlar hayattan vazgeçiyor.
Bu tablo kimin eseri? https://t.co/MKugPRJCfB","2018056392410607849","https://pbs.twimg.com/media/HAGTl3vXAAApWrm.jpg","","tr","","3","4","33","https://x.com/TCebr3448/status/2018056392410607849","1904090880241266688","TCebr3448"
"2018056166115508535","2026-02-01T20:17:38.000Z","2","BDDK’nın kredi kartlarına yönelik düzenlemesi  ekonomi yönetiminin halini ortaya koyuyor. Gerçeklerden uzak bu karar vatandaşımızı mağdur etmek dışında bir işe yaramayacaktır.

Kredi kartı bugün lüks değil; eğitim, sağlık, barınma ve temel ihtiyaçlar için bir zorunluluktur. https://t.co/9pYbQtYfta","2018056166115508535","https://pbs.twimg.com/media/HAGTYytbEAAyCNi.jpg","","tr","","0","0","2","https://x.com/nail_ciler/status/2018056166115508535","892303920994844673","nail_ciler"
"2018055745862848993","2026-02-01T20:15:58.000Z","5","•Kredi kartında ""Lale Devri"" bitti, ""İspat Devri"" başladı.

•15 Şubat'ta bankalar: ""Gelirin yetmiyorsa, o limiti vermem"" diyecek.

⚠️ Asıl tuzak ise yapılandırmada:
Önce 60 ay denmişti, BDDK son kararla vadeyi maksimum 45 aya indirdi.

•İmzaladığın an, borcun yarısı bitene https://t.co/erPVmYc0n8","2018055745862848993","https://pbs.twimg.com/amplify_video_thumb/2018055545379233792/img/Rxfq1HOx1XbdtE4E.jpg","","tr","","0","0","2","https://x.com/metehanmert/status/2018055745862848993","211925190","metehanmert"
"2018048383143850019","2026-02-01T20:15:50.000Z","2","@Fparrhesia Aslında bu durumun psikolojik bir açıklaması var:

Bilgisiz insan, bilgisizliğinin farkında olmadığı için kendini zeki sanır. Çünkü gerçek bilgiyle karşılaştırma yapamıyor.

Maymunun avantajı şu: Doğal bir alçakgönüllülüğü var. Survival instinct onu temkinli yapıyor.

Biz","2018055713910583549","","Fparrhesia","tr","","0","0","0","https://x.com/arketipzihin/status/2018055713910583549","1993246212917805057","arketipzihin"
"2018055700438548675","2026-02-01T20:15:47.000Z","17","Geçtiğimiz senelerde yaklaşık 700-800 kişi ile ekonomi finans konusunda bir Kitap Kulübü kurmuştuk. 

Hatta bir keresinde Sn. Mahfi Eğilmez'i @mahfiegilmez konuk etmiştik.

Ben Cihat Bey'in de @turc35 katılacağını düşünüyorum.

Tebrikler","2018055700438548675","","","tr","","0","1","2","https://x.com/yatirimcibaba1/status/2018055700438548675","1380618568044253187","yatirimcibaba1"
"2018055677537890445","2026-02-01T20:15:41.000Z","7","İran’ın ABD ve İsrail kaynaklı saldırganlık karşısındaki imkânları ve sınırlılıklarını ele aldığımız çalışmamızla (https://t.co/25orUcKTIR) örtüşen değerlendirmelere, Rus askeri analist Yuriy Lyamin’in analizinde de rastlıyoruz. Lyamin, İran’ın uzun süredir benimsediği “stratejik https://t.co/dxfPNEgEe4","2018055677537890445","https://pbs.twimg.com/media/HAGSWIRWEAABi25.jpg","","tr","","0","0","6","https://x.com/nacihanpolat/status/2018055677537890445","1727658598644301824","nacihanpolat"
"2018055218940842252","2026-02-01T20:13:52.000Z","20","Küçük esnafı korumayan bir sistemde büyük ekonomi kurulamaz. Borçları yapılandırın, esnafı yaşatın. #VergiSGKYapılandırma @RTErdogan @_cevdetyilmaz @efkanala @B_Palandoken @RHisarciklioglu","2018055218940842252","","","tr","","1","1","8","https://x.com/vergisgkaffi/status/2018055218940842252","1814364494564331520","vergisgkaffi"
"2017179113769840761","2026-02-01T20:13:07.000Z","3","@bamsztrkiye @BTP_Parti @dralibestami Çare Milli Ekonomi Modeli
Prof.Dr.Haydar Baş","2018055028464922908","","bamsztrkiye","tr","","0","0","0","https://x.com/Zzerriniffet/status/2018055028464922908","1625278570263191554","Zzerriniffet"
"2017179113769840761","2026-02-01T20:12:54.000Z","3","@bamsztrkiye @BTP_Parti @dralibestami Çözüm Milli Ekonomi Modeli
Prof.Dr.Haydar Baş","2018054976975593609","","bamsztrkiye","tr","","0","0","0","https://x.com/Zzerriniffet/status/2018054976975593609","1625278570263191554","Zzerriniffet"
"2017365778232750409","2026-02-01T20:12:09.000Z","2","@dralibestami Çare Milli Ekonomi Modeli
Prof.Dr.Haydar Baş","2018054787581849671","","dralibestami","tr","","0","0","0","https://x.com/Zzerriniffet/status/2018054787581849671","1625278570263191554","Zzerriniffet"
"2017365778232750409","2026-02-01T20:11:54.000Z","2","@dralibestami Çözüm Milli Ekonomi Modeli
Prof.Dr.Haydar Baş","2018054723710980284","","dralibestami","tr","","0","0","0","https://x.com/Zzerriniffet/status/2018054723710980284","1625278570263191554","Zzerriniffet"
"2018054614709326327","2026-02-01T20:11:28.000Z","4","1 kg hıyar 200 TL . 
Ucuzmuş 
#ekonomi https://t.co/BjoPg917ay","2018054614709326327","https://pbs.twimg.com/media/HAGRF5nXEAAFJ47.jpg","","tr","","0","0","0","https://x.com/paralabsX/status/2018054614709326327","161014937","paralabsX"
"2018053699612909739","2026-02-01T20:07:50.000Z","2698","kız: ekonomi kötü, sığınmacılar cart curt...

reis: Dünya beşten büyükt-

biz: https://t.co/SD8RQxUjML","2018053699612909739","https://pbs.twimg.com/ext_tw_video_thumb/2018053545254092800/pu/img/GYPsvCOh67ie2Qlf.jpg","","tr","","0","14","97","https://x.com/gullu_erhan0/status/2018053699612909739","1885374007014547456","gullu_erhan0"
"2018053284355854678","2026-02-01T20:06:11.000Z","22","Ekonominin bel kemiği esnaftır. Bel kemiği kırılırsa ekonomi ayakta duramaz. Sesimizi duyun! #VergiSGKYapılandırma @RTErdogan","2018053284355854678","","","tr","","1","0","8","https://x.com/vergisgkaffi/status/2018053284355854678","1814364494564331520","vergisgkaffi"
"2018052801604046858","2026-02-01T20:04:16.000Z","4","Eğitimsiz aileler,yetersiz ekonomi,saygısız nesil
Bu koşullarda büyüyen çocuklar sevgiyi değil öfkeyi öğreniyor
Hayvana,insana,doğaya zarar vermek, şiddet hepsi aynı hikayenin parçaları
Sonra onlara ‘SSÇ’ diyoruz.
Bu bireysel bir arıza değil,yıllardır üretilen çürümüş bir sonuç..","2018052801604046858","","","tr","","0","0","0","https://x.com/istassyon/status/2018052801604046858","2213280626","istassyon"
"2018052800056275114","2026-02-01T20:04:15.000Z","463","×: Enflasyon ekonomi cart curt

Biziko; 

https://t.co/9f1Ct7auVE","2018052800056275114","https://pbs.twimg.com/ext_tw_video_thumb/1953317519269224448/pu/img/RSmJfWPo99iCndlB.jpg","","ht","","0","2","20","https://x.com/uzgnmerkezsagci/status/2018052800056275114","1796159677337632768","uzgnmerkezsagci"
"2018052192167514168","2026-02-01T20:01:50.000Z","3","Küresel ekonomide aslında reelde olmayan ama kağıt üzerinde yani sistemde dolaşan trilyonlarca dolar var. Buna sanal para diyoruz. Bu paraların realize edilmesi gerekiyordu. Çünkü artık iş patlama noktasına gelmişti. Denge bozulmuş, terazi şaşmış, bahaneler tükenmişti. 

Bunun","2018052192167514168","","","tr","","0","0","0","https://x.com/MurselSaglam/status/2018052192167514168","1189721102","MurselSaglam"
"2017948226133925889","2026-02-01T20:01:10.000Z","74","@trxhaber Belki iç işlerinde ekonomi anlamında çok kötüsün ama https://t.co/DNI1oOqqWf","2018052023963234572","https://pbs.twimg.com/amplify_video_thumb/2018051611780677632/img/Jexcj5E6aV4kgOru.jpg","trxhaber","tr","","0","0","1","https://x.com/uaradreke/status/2018052023963234572","1884291797590867968","uaradreke"
"2018050988221829427","2026-02-01T20:00:48.000Z","2","@VarolCafer Alın öğrenin ama bilin bize dokunamazsınız sizler aciz insanlarımız yarın (hâşâ) içimizden biri ilahlık ilan edecek ve itaat edeceksiniz. Tıpkı şimdi ekonomi, fuhuş, futbol, TV programları/dizi/filmleri aracılığıyla ettiğiniz gibi. Size dayattığımız ekonomik arzularınız için...","2018051929629179978","","VarolCafer","tr","","0","0","0","https://x.com/omere_sipani/status/2018051929629179978","3238903442","omere_sipani"
"2018051828370264344","2026-02-01T20:00:24.000Z","5","Herkes Belgesel izliyor. 
Reytingi Hasan can kaya
Alıyor. 
Herkes İyi usta
Usta bulamıyor. 
Herkes dürüst iyi insan
Pislikten geçilmiyor. 
Herkes aç ama kimse açlıktan
Ölmüyor
Kime sorsan işler berbat ekonomi
Tepe takla
AVM trafik restorant tıklım tıklım
Bir anormallik yok mu","2018051828370264344","","","tr","","0","0","2","https://x.com/EsrefAgri/status/2018051828370264344","851819168567611395","EsrefAgri"
"2018051360772559038","2026-02-01T19:58:32.000Z","3","Ekonomi profesörünün X'ten daha fazla para kazanmak için attığı tweet..","2018051360772559038","","","tr","","0","0","1","https://x.com/JuzzTv/status/2018051360772559038","52080865","JuzzTv"
"2018050494371954872","2026-02-01T19:55:06.000Z","5","ikisi de 'genel ekonomi' -yani faydaya endeksli üretim modelinden geriye kalan ''artık/excess enerji'' biliminin prensiplerini, 'dar ekonomi' ile açıklamaya çalışıyorlar. Kurban fenomeni ya yapabilenin basit zevkine ya da gizli doktrinlerin ibadet biçimine indirgeniyor +","2018050496330608845","","DeflowererBaal","tr","","0","1","0","https://x.com/DeflowererBaal/status/2018050496330608845","1854577615882878989","DeflowererBaal"
"2018050283881041966","2026-02-01T19:54:15.000Z","11","Sürdürülebilir Gelecek: Yeni Paradigma 🌍

Sürdürülebilirlik artık bir tercih değil, zorunluluk.

İklim krizi, kaynakların tükenişi ve ekolojik dengenin bozulması, tüm insanlığı derinden etkiliyor.

Şirketler ve bireyler olarak YEŞİL DÖNÜŞÜM sürecine adapte olmamız gerekiyor. https://t.co/EvV5G7vLYE","2018050283881041966","https://pbs.twimg.com/amplify_video_thumb/2018050154167689216/img/IohpnRWD7vsIBQLv.jpg","","tr","","0","0","5","https://x.com/orskyai/status/2018050283881041966","1496906490153775105","orskyai"
"2018050176649474482","2026-02-01T19:53:50.000Z","5","Bilgi: #DXY nedir?
Dolar Endeksi olarak bilinir.
Kısaca; doların, diğer büyük para birimleri karşısındaki gücünü gösterir. 

Bunlar; Euro, Japon yeni, İngiliz sterlini, Kanada doları, İsveç kronu, İsviçre frangı.(Endeks içindeki para birimlerinin ağırlıkları farklı.)

Peki #DXY https://t.co/jO8VgbKpYi","2018050176649474482","https://pbs.twimg.com/media/HAGM3dsWQAAetIq.jpg","","tr","","1","1","1","https://x.com/adimadimbirikim/status/2018050176649474482","1673706595660840964","adimadimbirikim"
"2017959659122966847","2026-02-01T19:49:37.000Z","14","@nefesgazete Yanlış ekonomi politikalarının faturasını esnafa ve vatandaşa ödetemezsiniz.
Bu karar ekonomi yönetimi değil, ekonomik kıyımdır.”
#Bağkur","2018049117910429955","","nefesgazete","tr","","0","0","12","https://x.com/muratkk80300808/status/2018049117910429955","1343677932536012803","muratkk80300808"
"2018048743400992816","2026-02-01T19:48:08.000Z","22","Aslen Bosnalı olan İsveçli girişimci Sana Alajmović’in de Sapık aparat Epstein’le yazışmaları ortaya çıktı. Alajmoviç’in bir mailinde şu ifadeler yer alıyor;
“Sevgili Jeffrey, Yarınki brunch'a katılacak kızlardan bazılarının özgeçmişlerini ve fotoğraflarını ekliyorum. Hepsi https://t.co/EolFewN2uB","2018048743400992816","https://pbs.twimg.com/media/HAGMosGXcAAgjDi.jpg","","tr","","1","0","6","https://x.com/Cetres1/status/2018048743400992816","258558093","Cetres1"
"2018048296166523332","2026-02-01T19:46:21.000Z","7","HARWAD'DI YARIM BIRAKARAK TÜRKİYEYE GELDİ VE 16.5 MİLYAR DOLARLIK VE SERVET ELDE ETTİ

TRENDYOL'UN KURUCUSU DEMET MUTLU HOROSCOPE ANALİZİ
1981 yılında doğan Demet Mutlu, New York Üniversitesi Ekonomi Bölümü mezunu, 2008 yılında Harvard Business School'da işletme yönetimi yüksek https://t.co/rmDWayEjpI","2018048296166523332","https://pbs.twimg.com/ext_tw_video_thumb/2018048194085580800/pu/img/v8lSi07nYM45d9fe.jpg","","tr","","1","4","0","https://x.com/rohiniastroloji/status/2018048296166523332","1805979422278995968","rohiniastroloji"
"2018048162129396000","2026-02-01T19:45:50.000Z","6","Haftanın özeti!
#Nasdaq #SP500 #WallStreet #Economy #Ekonomi #Dollar #Dolar #Fed #BIST100 #bist100 #Borsa #BORSA #Altın #halkaarz #Bitcoin #Ethereum #CryptoUpdate #binance #CryptoMining #ETHUSDT #XAUUSD #XRP #BTCUSD #BTCUSDT #BIST30 #BIST1OO #CryptoNews #CryptoCommunity #Currency https://t.co/6KpaAA7856","2018048162129396000","https://pbs.twimg.com/amplify_video_thumb/2018048140981800960/img/VaO8P49lDdGEEHl0.jpg","","tr","","0","0","0","https://x.com/VizyonKripto/status/2018048162129396000","2016775134992805888","VizyonKripto"
"2018037129381613940","2026-02-01T19:43:58.000Z","7","@Gumusfirtinasi Dünyanın en büyük iki ekonomisi yüklü alım yapacak, ralli başlatacak ve tepeden satacaklar. 

Bu iki dev ekonomi tepeden malı kime satacaklar.","2018047692476125380","","hseyinylmaaz","tr","","0","2","0","https://x.com/yunusra13/status/2018047692476125380","1171330684088147969","yunusra13"
"2018047000223064114","2026-02-01T19:41:13.000Z","998","epstein mevzusundan sonra geri dönen küskünler ekonomi konusuna girince
 https://t.co/sEf7HitgTQ","2018047000223064114","https://pbs.twimg.com/amplify_video_thumb/2006788751318491136/img/XGF312yicBj8q7zU.jpg","","tr","","2","5","31","https://x.com/pareravitor/status/2018047000223064114","1619833102599159814","pareravitor"
"2017975511956222406","2026-02-01T19:41:02.000Z","32","@suleymansoylu Süleyman Soylu “Temmuz’da ekonomi atağa kalkacak. Benim ülkemin ekonomisi öyle bir şahlanacak ki çatlayıp patlayacaklar” ( Haziran 2021) https://t.co/07aWY9C1fD","2018046957655073083","https://pbs.twimg.com/amplify_video_thumb/2018046899404595200/img/P2u3iLpQjRmSh1T6.jpg","suleymansoylu","tr","","0","2","2","https://x.com/nasuhbektas/status/2018046957655073083","716756136","nasuhbektas"
"2018010966487970142","2026-02-01T19:39:47.000Z","65","@lilaccountz Pada intinya manusia akan selalu diposisi 'belum tentu', sebagai pengingat kita sangat lemah, selalu ada kekurangan, awalnya tujuannya agama, tpi dlm perjalanan ketika ekonomi mulai mengganggu akhirnya gak bisa fokus juga","2018046639760642461","","lilaccountz","in","","0","0","6","https://x.com/gebethcalled/status/2018046639760642461","1382695780994154502","gebethcalled"
